[
  {"prep": "de", "municipio": "Abrantes"},
  {"prep": "de", "municipio": "Aguiar da Beira"},
  {"prep": "do", "municipio": "Alandroal"},
  {"prep": "de", "municipio": "Albergaria-a-Velha"},
  {"prep": "de", "municipio": "Albufeira"},
  {"prep": "de", "municipio": "Alcanena"},
  {"prep": "de", "municipio": "Alcobaça"},
  {"prep": "de", "municipio": "Alcochete"},
  {"prep": "de", "municipio": "Alcoutim"},
  {"prep": "de", "municipio": "Alcácer do Sal"},
  {"prep": "de", "municipio": "Alenquer"},
  {"prep": "de", "municipio": "Alfândega da Fé"},
  {"prep": "de", "municipio": "Alijó"},
  {"prep": "de", "municipio": "Aljezur"},
  {"prep": "de", "municipio": "Aljustrel"},
  {"prep": "de", "municipio": "Almada"},
  {"prep": "de", "municipio": "Almeida"},
  {"prep": "de", "municipio": "Almeirim"},
  {"prep": "de", "municipio": "Almodôvar"},
  {"prep": "de", "municipio": "Alpiarça"},
  {"prep": "de", "municipio": "Alter do Chão"},
  {"prep": "de", "municipio": "Alvaiázere"},
  {"prep": "de", "municipio": "Alvito"},
  {"prep": "da", "municipio": "Amadora"},
  {"prep": "de", "municipio": "Amarante"},
  {"prep": "de", "municipio": "Amares"},
  {"prep": "de", "municipio": "Anadia"},
  {"prep": "de", "municipio": "Angra do Heroísmo"},
  {"prep": "de", "municipio": "Ansião"},
  {"prep": "de", "municipio": "Arcos de Valdevez"},
  {"prep": "de", "municipio": "Arganil"},
  {"prep": "de", "municipio": "Armamar"},
  {"prep": "de", "municipio": "Arouca"},
  {"prep": "de", "municipio": "Arraiolos"},
  {"prep": "de", "municipio": "Arronches"},
  {"prep": "de", "municipio": "Arruda dos Vinhos"},
  {"prep": "de", "municipio": "Aveiro"},
  {"prep": "de", "municipio": "Avis"},
  {"prep": "de", "municipio": "Azambuja"},
  {"prep": "de", "municipio": "Baião"},
  {"prep": "de", "municipio": "Barcelos"},
  {"prep": "de", "municipio": "Barrancos"},
  {"prep": "do", "municipio": "Barreiro"},
  {"prep": "da", "municipio": "Batalha"},
  {"prep": "de", "municipio": "Beja"},
  {"prep": "de", "municipio": "Belmonte"},
  {"prep": "de", "municipio": "Benavente"},
  {"prep": "do", "municipio": "Bombarral"},
  {"prep": "de", "municipio": "Borba"},
  {"prep": "de", "municipio": "Boticas"},
  {"prep": "de", "municipio": "Braga"},
  {"prep": "de", "municipio": "Bragança"},
  {"prep": "de", "municipio": "Cabeceiras de Basto"},
  {"prep": "do", "municipio": "Cadaval"},
  {"prep": "das", "municipio": "Caldas da Rainha"},
  {"prep": "da", "municipio": "Calheta"},
  {"prep": "da", "municipio": "Calheta de São Jorge"},
  {"prep": "de", "municipio": "Caminha"},
  {"prep": "de", "municipio": "Campo Maior"},
  {"prep": "de", "municipio": "Cantanhede"},
  {"prep": "de", "municipio": "Carrazeda de Ansiães"},
  {"prep": "de", "municipio": "Carregal do Sal"},
  {"prep": "do", "municipio": "Cartaxo"},
  {"prep": "de", "municipio": "Cascais"},
  {"prep": "de", "municipio": "Castanheira de Pêra"},
  {"prep": "de", "municipio": "Castelo Branco"},
  {"prep": "de", "municipio": "Castelo de Paiva"},
  {"prep": "de", "municipio": "Castelo de Vide"},
  {"prep": "de", "municipio": "Castro Daire"},
  {"prep": "de", "municipio": "Castro Marim"},
  {"prep": "de", "municipio": "Castro Verde"},
  {"prep": "de", "municipio": "Celorico da Beira"},
  {"prep": "de", "municipio": "Celorico de Basto"},
  {"prep": "da", "municipio": "Chamusca"},
  {"prep": "de", "municipio": "Chaves"},
  {"prep": "de", "municipio": "Cinfães"},
  {"prep": "de", "municipio": "Coimbra"},
  {"prep": "de", "municipio": "Condeixa-a-Nova"},
  {"prep": "de", "municipio": "Constância"},
  {"prep": "de", "municipio": "Coruche"},
  {"prep": "do", "municipio": "Corvo"},
  {"prep": "da", "municipio": "Covilhã"},
  {"prep": "do", "municipio": "Crato"},
  {"prep": "de", "municipio": "Cuba"},
  {"prep": "de", "municipio": "Câmara de Lobos"},
  {"prep": "de", "municipio": "Elvas"},
  {"prep": "do", "municipio": "Entroncamento"},
  {"prep": "de", "municipio": "Espinho"},
  {"prep": "de", "municipio": "Esposende"},
  {"prep": "de", "municipio": "Estarreja"},
  {"prep": "de", "municipio": "Estremoz"},
  {"prep": "de", "municipio": "Fafe"},
  {"prep": "de", "municipio": "Faro"},
  {"prep": "de", "municipio": "Felgueiras"},
  {"prep": "de", "municipio": "Ferreira do Alentejo"},
  {"prep": "de", "municipio": "Ferreira do Zêzere"},
  {"prep": "da", "municipio": "Figueira da Foz"},
  {"prep": "de", "municipio": "Figueira de Castelo Rodrigo"},
  {"prep": "de", "municipio": "Figueiró dos Vinhos"},
  {"prep": "de", "municipio": "Fornos de Algodres"},
  {"prep": "de", "municipio": "Freixo de Espada à Cinta"},
  {"prep": "de", "municipio": "Fronteira"},
  {"prep": "do", "municipio": "Funchal"},
  {"prep": "do", "municipio": "Fundão"},
  {"prep": "do", "municipio": "Gavião"},
  {"prep": "da", "municipio": "Golegã"},
  {"prep": "de", "municipio": "Gondomar"},
  {"prep": "de", "municipio": "Gouveia"},
  {"prep": "de", "municipio": "Grândola"},
  {"prep": "da", "municipio": "Guarda"},
  {"prep": "de", "municipio": "Guimarães"},
  {"prep": "de", "municipio": "Góis"},
  {"prep": "da", "municipio": "Horta"},
  {"prep": "de", "municipio": "Idanha-a-Nova"},
  {"prep": "de", "municipio": "Lagoa"},
  {"prep": "de", "municipio": "Lagoa (Açores)"},
  {"prep": "de", "municipio": "Lagos"},
  {"prep": "das", "municipio": "Lajes das Flores"},
  {"prep": "das", "municipio": "Lajes do Pico"},
  {"prep": "de", "municipio": "Lamego"},
  {"prep": "de", "municipio": "Leiria"},
  {"prep": "de", "municipio": "Lisboa"},
  {"prep": "de", "municipio": "Loulé"},
  {"prep": "de", "municipio": "Loures"},
  {"prep": "da", "municipio": "Lourinhã"},
  {"prep": "de", "municipio": "Lousada"},
  {"prep": "da", "municipio": "Lousã"},
  {"prep": "de", "municipio": "Macedo de Cavaleiros"},
  {"prep": "de", "municipio": "Machico"},
  {"prep": "da", "municipio": "Madalena"},
  {"prep": "de", "municipio": "Mafra"},
  {"prep": "da", "municipio": "Maia"},
  {"prep": "de", "municipio": "Mangualde"},
  {"prep": "de", "municipio": "Manteigas"},
  {"prep": "de", "municipio": "Marco de Canaveses"},
  {"prep": "da", "municipio": "Marinha Grande"},
  {"prep": "de", "municipio": "Marvão"},
  {"prep": "de", "municipio": "Matosinhos"},
  {"prep": "de", "municipio": "Mação"},
  {"prep": "da", "municipio": "Mealhada"},
  {"prep": "de", "municipio": "Melgaço"},
  {"prep": "de", "municipio": "Mesão Frio"},
  {"prep": "de", "municipio": "Mira"},
  {"prep": "de", "municipio": "Miranda do Corvo"},
  {"prep": "de", "municipio": "Miranda do Douro"},
  {"prep": "de", "municipio": "Mirandela"},
  {"prep": "de", "municipio": "Mogadouro"},
  {"prep": "de", "municipio": "Moimenta da Beira"},
  {"prep": "da", "municipio": "Moita"},
  {"prep": "de", "municipio": "Monchique"},
  {"prep": "de", "municipio": "Mondim de Basto"},
  {"prep": "de", "municipio": "Monforte"},
  {"prep": "de", "municipio": "Montalegre"},
  {"prep": "de", "municipio": "Montemor-o-Novo"},
  {"prep": "de", "municipio": "Montemor-o-Velho"},
  {"prep": "do", "municipio": "Montijo"},
  {"prep": "de", "municipio": "Monção"},
  {"prep": "de", "municipio": "Mora"},
  {"prep": "de", "municipio": "Mortágua"},
  {"prep": "de", "municipio": "Moura"},
  {"prep": "de", "municipio": "Mourão"},
  {"prep": "da", "municipio": "Murtosa"},
  {"prep": "de", "municipio": "Murça"},
  {"prep": "de", "municipio": "Mértola"},
  {"prep": "da", "municipio": "Mêda"},
  {"prep": "da", "municipio": "Nazaré"},
  {"prep": "de", "municipio": "Nelas"},
  {"prep": "de", "municipio": "Nisa"},
  {"prep": "do", "municipio": "Nordeste"},
  {"prep": "de", "municipio": "Odemira"},
  {"prep": "de", "municipio": "Odivelas"},
  {"prep": "de", "municipio": "Oeiras"},
  {"prep": "de", "municipio": "Oleiros"},
  {"prep": "de", "municipio": "Olhão"},
  {"prep": "de", "municipio": "Oliveira de Azeméis"},
  {"prep": "de", "municipio": "Oliveira de Frades"},
  {"prep": "de", "municipio": "Oliveira do Bairro"},
  {"prep": "de", "municipio": "Oliveira do Hospital"},
  {"prep": "de", "municipio": "Ourique"},
  {"prep": "de", "municipio": "Ourém"},
  {"prep": "de", "municipio": "Ovar"},
  {"prep": "de", "municipio": "Palmela"},
  {"prep": "de", "municipio": "Pampilhosa da Serra"},
  {"prep": "de", "municipio": "Paredes"},
  {"prep": "de", "municipio": "Paredes de Coura"},
  {"prep": "de", "municipio": "Paços de Ferreira"},
  {"prep": "de", "municipio": "Pedrógão Grande"},
  {"prep": "de", "municipio": "Penacova"},
  {"prep": "de", "municipio": "Penafiel"},
  {"prep": "de", "municipio": "Penalva do Castelo"},
  {"prep": "de", "municipio": "Penamacor"},
  {"prep": "de", "municipio": "Penedono"},
  {"prep": "de", "municipio": "Penela"},
  {"prep": "de", "municipio": "Peniche"},
  {"prep": "do", "municipio": "Peso da Régua"},
  {"prep": "de", "municipio": "Pinhel"},
  {"prep": "de", "municipio": "Pombal"},
  {"prep": "de", "municipio": "Ponta Delgada"},
  {"prep": "de", "municipio": "Ponta do Sol"},
  {"prep": "de", "municipio": "Ponte da Barca"},
  {"prep": "de", "municipio": "Ponte de Lima"},
  {"prep": "de", "municipio": "Ponte de Sor"},
  {"prep": "de", "municipio": "Portalegre"},
  {"prep": "de", "municipio": "Portel"},
  {"prep": "de", "municipio": "Portimão"},
  {"prep": "do", "municipio": "Porto"},
  {"prep": "do", "municipio": "Porto Moniz"},
  {"prep": "do", "municipio": "Porto Santo"},
  {"prep": "de", "municipio": "Porto de Mós"},
  {"prep": "da", "municipio": "Povoação"},
  {"prep": "da", "municipio": "Praia da Vitória"},
  {"prep": "de", "municipio": "Proença-a-Nova"},
  {"prep": "da", "municipio": "Póvoa de Lanhoso"},
  {"prep": "da", "municipio": "Póvoa de Varzim"},
  {"prep": "de", "municipio": "Redondo"},
  {"prep": "de", "municipio": "Reguengos de Monsaraz"},
  {"prep": "de", "municipio": "Resende"},
  {"prep": "da", "municipio": "Ribeira Brava"},
  {"prep": "da", "municipio": "Ribeira Grande"},
  {"prep": "de", "municipio": "Ribeira de Pena"},
  {"prep": "de", "municipio": "Rio Maior"},
  {"prep": "de", "municipio": "Sabrosa"},
  {"prep": "do", "municipio": "Sabugal"},
  {"prep": "de", "municipio": "Salvaterra de Magos"},
  {"prep": "de", "municipio": "Santa Comba Dão"},
  {"prep": "de", "municipio": "Santa Cruz"},
  {"prep": "de", "municipio": "Santa Cruz das Flores"},
  {"prep": "de", "municipio": "Santa Cruz da Graciosa"},
  {"prep": "de", "municipio": "Santa Maria da Feira"},
  {"prep": "de", "municipio": "Santa Marta de Penaguião"},
  {"prep": "de", "municipio": "Santana"},
  {"prep": "de", "municipio": "Santarém"},
  {"prep": "de", "municipio": "Santiago do Cacém"},
  {"prep": "de", "municipio": "Santo Tirso"},
  {"prep": "de", "municipio": "Sardoal"},
  {"prep": "de", "municipio": "Seia"},
  {"prep": "do", "municipio": "Seixal"},
  {"prep": "de", "municipio": "Sernancelhe"},
  {"prep": "de", "municipio": "Serpa"},
  {"prep": "da", "municipio": "Sertã"},
  {"prep": "de", "municipio": "Sesimbra"},
  {"prep": "de", "municipio": "Setúbal"},
  {"prep": "de", "municipio": "Sever do Vouga"},
  {"prep": "de", "municipio": "Silves"},
  {"prep": "de", "municipio": "Sines"},
  {"prep": "de", "municipio": "Sintra"},
  {"prep": "do", "municipio": "Sobral de Monte Agraço"},
  {"prep": "de", "municipio": "Soure"},
  {"prep": "de", "municipio": "Sousel"},
  {"prep": "de", "municipio": "Sátão"},
  {"prep": "de", "municipio": "São Brás de Alportel"},
  {"prep": "de", "municipio": "São João da Madeira"},
  {"prep": "de", "municipio": "São João da Pesqueira"},
  {"prep": "de", "municipio": "São Pedro do Sul"},
  {"prep": "de", "municipio": "São Roque do Pico"},
  {"prep": "de", "municipio": "São Vicente"},
  {"prep": "de", "municipio": "Tabuaço"},
  {"prep": "de", "municipio": "Tarouca"},
  {"prep": "de", "municipio": "Tavira"},
  {"prep": "de", "municipio": "Terras de Bouro"},
  {"prep": "de", "municipio": "Tomar"},
  {"prep": "de", "municipio": "Tondela"},
  {"prep": "de", "municipio": "Torre de Moncorvo"},
  {"prep": "de", "municipio": "Torres Novas"},
  {"prep": "de", "municipio": "Torres Vedras"},
  {"prep": "de", "municipio": "Trancoso"},
  {"prep": "da", "municipio": "Trofa"},
  {"prep": "de", "municipio": "Tábua"},
  {"prep": "de", "municipio": "Vagos"},
  {"prep": "de", "municipio": "Vale de Cambra"},
  {"prep": "de", "municipio": "Valença"},
  {"prep": "de", "municipio": "Valongo"},
  {"prep": "de", "municipio": "Valpaços"},
  {"prep": "de", "municipio": "Velas"},
  {"prep": "de", "municipio": "Vendas Novas"},
  {"prep": "de", "municipio": "Viana do Alentejo"},
  {"prep": "de", "municipio": "Viana do Castelo"},
  {"prep": "de", "municipio": "Vidigueira"},
  {"prep": "de", "municipio": "Vieira do Minho"},
  {"prep": "de", "municipio": "Vila Flor"},
  {"prep": "de", "municipio": "Vila Franca de Xira"},
  {"prep": "de", "municipio": "Vila Franca do Campo"},
  {"prep": "de", "municipio": "Vila Nova da Barquinha"},
  {"prep": "de", "municipio": "Vila Nova de Cerveira"},
  {"prep": "de", "municipio": "Vila Nova de Famalicão"},
  {"prep": "de", "municipio": "Vila Nova de Foz Côa"},
  {"prep": "de", "municipio": "Vila Nova de Gaia"},
  {"prep": "de", "municipio": "Vila Nova de Paiva"},
  {"prep": "de", "municipio": "Vila Nova de Poiares"},
  {"prep": "de", "municipio": "Vila Pouca de Aguiar"},
  {"prep": "de", "municipio": "Vila Real"},
  {"prep": "de", "municipio": "Vila Real de Santo António"},
  {"prep": "de", "municipio": "Vila Velha de Ródão"},
  {"prep": "de", "municipio": "Vila Verde"},
  {"prep": "de", "municipio": "Vila Viçosa"},
  {"prep": "de", "municipio": "Vila de Rei"},
  {"prep": "de", "municipio": "Vila do Bispo"},
  {"prep": "de", "municipio": "Vila do Conde"},
  {"prep": "de", "municipio": "Vila do Porto"},
  {"prep": "de", "municipio": "Vimioso"},
  {"prep": "de", "municipio": "Vinhais"},
  {"prep": "de", "municipio": "Viseu"},
  {"prep": "de", "municipio": "Vizela"},
  {"prep": "de", "municipio": "Vouzela"},
  {"prep": "de", "municipio": "Águeda"},
  {"prep": "de", "municipio": "Évora"},
  {"prep": "de", "municipio": "Ílhavo"},
  {"prep": "de", "municipio": "Óbidos"}
]
